FECHA,COMPROBANTE,CUENTA,NOMBRE,DOCUMENTO/CHEQUE,TERCERO,DEBITO,CREDITO
2016/12/30,CEVA467,11100502,Banco de Bogota 053044533 - Funcionamiento,CH 1455259,CALIZ MIGUEL ANGEL - 13013010,0,709000
2016/12/20,CEVA439,11100502,Banco de Bogota 053044533 - Funcionamiento,CH 1455254,CEDIGRAF IMPRESORES FRANCISCO HORACIO LOPEZ REINA - 87711035,0,170000
2016/12/26,CEVA441,11100502,Banco de Bogota 053044533 - Funcionamiento,CH 1455257,MAIGUAL BASANTE PABLO FERNANDO - 1085932129,0,14700000
2016/12/19,CEVA422,11100502,Banco de Bogota 053044533 - Funcionamiento,CH 1455242,SANTOS RODRIGUEZ CESSIA SIXTINA - 52784052,0,4500000
2016/12/19,CEVA424,11100502,Banco de Bogota 053044533 - Funcionamiento,CH 1455244,MOVISTAR - 830037330,0,129900
2016/12/19,CEVA425,11100502,Banco de Bogota 053044533 - Funcionamiento,CH 1455245,CORAL QUITIAQUEZ JOSE LUIS - 1082105259,0,366600
2016/12/19,CEVA433,11100502,Banco de Bogota 053044533 - Funcionamiento,CH 1455253,CEBALLOS MORENO FELIX EVERARDO - 98364635,0,1447500
2016/12/19,CEVA428,11100502,Banco de Bogota 053044533 - Funcionamiento,CH 1455248,CALIZ DERAZO HECTOR EMIGDIO - 5212972,0,432000
2016/12/19,CEVA430,11100502,Banco de Bogota 053044533 - Funcionamiento,CH 1455250,MARCILLO CANACUAN GUILMER YOVANI - 87513217,0,423000
2016/12/19,CEVA426,11100502,Banco de Bogota 053044533 - Funcionamiento,CH 1455246,QUITIAQUEZ ARTEAGA GERARDO ANTONIO - 1085937431,0,366600
2016/12/19,CEVA429,11100502,Banco de Bogota 053044533 - Funcionamiento,CH 1455249,QUITIAQUEZ BOLA OS SEGUNDO GONZALO - 5212796,0,366600
2016/12/19,CEVA431,11100502,Banco de Bogota 053044533 - Funcionamiento,CH 1455251,TUMBAQUI LUIS ARMANDO - 87090141,0,1003600
2016/12/19,CEVA427,11100502,Banco de Bogota 053044533 - Funcionamiento,CH 1455247,VALENCIA JUAN OLGER - 5212621,0,366600
2016/12/19,CEVA423,11100502,Banco de Bogota 053044533 - Funcionamiento,CH 1455243,JESUS ROBERT YANDUN PANTOJA - 87216256,0,180000
2016/12/19,CEVA432,11100502,Banco de Bogota 053044533 - Funcionamiento,CH 1455252,CULTYD MUESES BERNARDO ARTURO - 87090279,0,495000
2016/12/27,CEVA442,11100502,Banco de Bogota 053044533 - Funcionamiento,CH 1455258,TUMBAQUI LUIS ARMANDO - 87090141,0,829900
